Month,Cumulative Planned %,Cumulative Earned %,Cumulative Actual Cost %,PV,EV,AC
1,0.03,0.03,0.029,5460000,5460000,5278000
2,0.07,0.068,0.067,12740000.000000002,12376000,12194000
3,0.12,0.115,0.116,21840000,20930000,21112000
4,0.18,0.172,0.175,32760000,31303999.999999996,31849999.999999996
5,0.25,0.238,0.244,45500000,43316000,44408000
6,0.33,0.305,0.316,60060000,55510000,57512000
7,0.41,0.365,0.381,74620000,66430000,69342000
8,0.48,0.415,0.435,87360000,75530000,79170000
9,0.52,0.465,0.485,94640000,84630000,88270000
10,0.5513186813186813,0.5035164835164835,0.5324175824175824,100340000,91640000,96900000
