WBS,Control Account,BAC,Planned %,Actual % Complete,Actual Cost,PV,EV,AC,CV,SV,CPI,SPI,EAC,ETC,VAC,Status,Variance Driver
1.0,Preconstruction & General Conditions,12000000,1,1,12400000,12000000,12000000,12400000,-400000,0,0.967741935483871,1,12400000,0,-400000,Complete,Closed slightly over plan due to preconstruction support extension
2.0,Sitework & Civil,16000000,1,1,15300000,16000000,16000000,15300000,700000,0,1.0457516339869282,1,15300000,0,700000,Complete,Favorable vendor closeout and earthwork efficiency
3.0,Foundations & Concrete,24000000,0.9,0.88,21800000,21600000,21120000,21800000,-680000,-480000,0.9688073394495413,0.9777777777777777,24772727.27272727,2972727.2727272697,-772727.2727272697,Watch,Minor concrete rework and sequence slippage
4.0,Structural Steel / Envelope,28000000,0.7,0.63,18900000,19600000,17640000,18900000,-1260000,-1960000,0.9333333333333333,0.9,30000000,11100000,-2000000,Behind,Steel erection / envelope handoff later than baseline
5.0,Electrical,46000000,0.38,0.3,15800000,17480000,13800000,15800000,-2000000,-3680000,0.8734177215189873,0.7894736842105263,52666666.666666664,36866666.666666664,-6666666.666666664,Critical,Switchgear and generator procurement delay; material escalation
6.0,Mechanical / HVAC,38000000,0.32,0.26,11200000,12160000,9880000,11200000,-1320000,-2280000,0.8821428571428571,0.8125,43076923.07692308,31876923.07692308,-5076923.07692308,Watch,Field productivity below plan; rework / overtime pressure
7.0,Controls / Low Voltage / Security,10000000,0.15,0.12,1500000,1500000,1200000,1500000,-300000,-300000,0.8,0.8,12500000,11000000,-2500000,Watch,Dependent on electrical room release and device procurement
8.0,Commissioning & Turnover,8000000,0,0,0,0,0,0,0,0,1,1,8000000,8000000,0,Not Started,Future phase; no earned value yet
TOTAL,,182000000,,,96900000,100340000,91640000,96900000,-5260000,-8700000,0.945717234262126,0.9132947976878613,198716317.016317,101816317.01631701,-16716317.016317014,Needs corrective action,Cost and schedule pressure concentrated in Electrical and Mechanical
