WBS,Phase,Work Package,Baseline Budget,Planned Start,Planned Finish,Cost Type,Control Account Owner
1.1,Preconstruction & General Conditions,Design Management,2500000,2027-01-01,2027-06-30,Indirect,Project Controls
1.2,Preconstruction & General Conditions,Permits / AHJ / Utility Coordination,1500000,2027-01-01,2027-08-31,Indirect,Project Management
1.3,Preconstruction & General Conditions,Site Management / Temporary Facilities,5000000,2027-01-01,2028-10-31,Indirect,Field Operations
1.4,Preconstruction & General Conditions,Project Controls / QA-QC / Safety,3000000,2027-01-01,2028-12-31,Indirect,Project Controls
2.1,Sitework & Civil,Clearing / Grading / Earthwork,4000000,2027-02-01,2027-06-30,Direct,Civil
2.2,Sitework & Civil,Storm / Sanitary / Domestic Water,4000000,2027-03-01,2027-09-30,Direct,Civil
2.3,Sitework & Civil,Underground Electrical Ductbank,5000000,2027-04-01,2027-10-31,Direct,Electrical
2.4,Sitework & Civil,Roads / Paving / Site Concrete,3000000,2027-07-01,2028-04-30,Direct,Civil
3.1,Foundations & Concrete,Building Foundations,8000000,2027-04-01,2027-09-30,Direct,Structural
3.2,Foundations & Concrete,Slabs on Grade,6000000,2027-06-01,2027-11-30,Direct,Structural
3.3,Foundations & Concrete,Equipment Pads / Housekeeping Pads,4000000,2027-07-01,2028-02-29,Direct,Structural
3.4,Foundations & Concrete,Exterior Concrete / Miscellaneous,6000000,2027-08-01,2028-05-31,Direct,Structural
4.1,Structural Steel / Building Envelope,Structural Steel,12000000,2027-07-01,2028-01-31,Direct,Structural
4.2,Structural Steel / Building Envelope,Roofing / Waterproofing,5000000,2027-10-01,2028-04-30,Direct,Envelope
4.3,Structural Steel / Building Envelope,Exterior Wall / Precast / Panels,7000000,2027-09-01,2028-05-31,Direct,Envelope
4.4,Structural Steel / Building Envelope,Interior Buildout / Architectural,4000000,2028-01-01,2028-09-30,Direct,Architectural
5.1,Electrical,Utility Service / MV Equipment,8000000,2027-05-01,2028-05-31,Direct,Electrical
5.2,Electrical,Generators,10000000,2027-06-01,2028-07-31,Direct,Electrical
5.3,Electrical,Switchgear / UPS / PDU,11000000,2027-07-01,2028-08-31,Direct,Electrical
5.4,Electrical,Busway / Feeders / Distribution,9000000,2027-11-01,2028-10-31,Direct,Electrical
5.5,Electrical,Lighting / Branch Power,5000000,2028-01-01,2028-10-31,Direct,Electrical
5.6,Electrical,Grounding / Lightning Protection,3000000,2027-10-01,2028-08-31,Direct,Electrical
6.1,Mechanical / HVAC,Chillers / Cooling Plant,11000000,2027-06-01,2028-07-31,Direct,Mechanical
6.2,Mechanical / HVAC,CRAH / AHU Equipment,8000000,2027-09-01,2028-08-31,Direct,Mechanical
6.3,Mechanical / HVAC,Piping / Pumps / Hydronic Distribution,8000000,2027-10-01,2028-10-31,Direct,Mechanical
6.4,Mechanical / HVAC,Ductwork / Ventilation,5000000,2028-01-01,2028-09-30,Direct,Mechanical
6.5,Mechanical / HVAC,Plumbing / Fire Protection,6000000,2027-11-01,2028-09-30,Direct,Mechanical
7.1,Controls / Low Voltage / Security,BMS / EPMS Controls,4000000,2028-01-01,2028-11-30,Direct,Controls
7.2,Controls / Low Voltage / Security,Telecom / Structured Cabling,2000000,2028-03-01,2028-11-30,Direct,Low Voltage
7.3,Controls / Low Voltage / Security,Security / Access Control / CCTV,2000000,2028-04-01,2028-11-30,Direct,Security
7.4,Controls / Low Voltage / Security,Fire Alarm / Life Safety Controls,2000000,2028-02-01,2028-11-30,Direct,Low Voltage
8.1,Commissioning & Turnover,Level 1-3 Commissioning,2500000,2028-05-01,2028-10-31,Direct,Commissioning
8.2,Commissioning & Turnover,Level 4-5 Integrated Systems Testing,3000000,2028-08-01,2028-12-15,Direct,Commissioning
8.3,Commissioning & Turnover,Training / O&M / Closeout,1500000,2028-09-01,2028-12-31,Indirect,Commissioning
8.4,Commissioning & Turnover,Punchlist / Final Acceptance,1000000,2028-10-01,2028-12-31,Indirect,Project Management
9.1,Management Reserve,Management Reserve (Outside PMB/BAC),18000000,2027-01-01,2028-12-31,Reserve,Project Executive
TOTAL,,,200000000,,,,
